recenzja,etykieta
"Bardzo podobała mi się ta książka. Ciekawa fabuła i zaskakujące zakończenie.",1
"Niestety, film okazał się być dużym rozczarowaniem. Słaba gra aktorska i przewidywalna historia.",2
"Wspaniały koncert! Artysta dał z siebie wszystko, publiczność była zachwycona.",1
"Odradzam zakup tego produktu. Niska jakość i częste awarie.",2
"Restauracja oferuje pyszne dania w przystępnych cenach. Polecam!",1
"Obsługa klienta pozostawia wiele do życzenia. Nieprofesjonalne podejście do problemów.",2
"To były fantastyczne wakacje! Piękne miejsca, wspaniałe jedzenie i świetna atmosfera.",1
"Nie polecam tego hotelu. Brak czystości, niekompetentna obsługa.",2
"Świetny produkt! Solidna jakość wykonania i funkcjonalność.",1
"Ogromne rozczarowanie. Spodziewałem się znacznie lepszego efektu końcowego.",2
"Te buty są bardzo wygodne i świetnie się prezentują.",1
"Kiepski wybór. Słaba wydajność i problemy z działaniem.",2
"Fascynująca wystawa sztuki. Polecam wszystkim miłośnikom sztuki nowoczesnej.",1
"Kiepski serwis w restauracji. Długi czas oczekiwania i nieprzyjemna obsługa.",2
"Niesamowita książka! Czytałem ją jednym tchem.",1
"Film bez polotu. Nudna fabuła i słaba gra aktorska.",2
"Fantastyczne doświadczenie. Polecam wszystkim, którzy szukają przygód.",1
"Totalne rozczarowanie. Produkt nie spełnia oczekiwań.",2
"Smaczne jedzenie i przyjemna atmosfera w restauracji. Wrócę tam na pewno.",1
"Nie polecam tego hotelu. Brak higieny i brudne pościel.",2
"Wspaniała muzyka! Koncert był niesamowity.",1
"Kupiłem ten produkt i jestem bardzo zadowolony. Solidna jakość.",1
"Strata czasu i pieniędzy. Produkt nie działa poprawnie.",2
"Podróż życia! Piękne miejsca, niezapomniane widoki.",1
"Nie warto. Słaba jakość i awaryjność.",2
"Fantastyczna książka! Autor wciągnął mnie od pierwszej strony.",1
"Film bez sensu. Trudno zrozumieć fabułę, a zakończenie jeszcze bardziej mylące.",2
"Wspaniała restauracja z pysznym jedzeniem. Obsługa również na wysokim poziomie.",1
"Totalna porażka. Słaba jakość i brak wsparcia technicznego.",2
"Przepyszne dania w restauracji. Gorąco polecam!",1
"Kiepski produkt. Nie działa zgodnie z oczekiwaniami.",2
"Znakomita wystawa! Sztuka na najwyższym poziomie.",1
"Nie polecam tego sklepu. Obsługa niekompetentna, a produkty niskiej jakości.",2
"Fantastyczny koncert! Artysta dał niezapomniane show.",1
"Nie warto kupować. Produkt nie spełnił moich oczekiwań.",2
"Polecam książkę wszystkim miłośnikom literatury. Wciągająca historia.",1
"Film do zapomnienia. Słaba reżyseria i przewidywalna fabuła.",2
"Wspaniałe wakacje! Piękne miejsca i cudowna pogoda.",1
"Nie polecam tego hotelu. Brak czystości i nieuprzejma obsługa.",2
"Fantastyczny produkt! Solidna jakość i funkcjonalność.",1
"Zdecydowanie nie polecam. Kiepska jakość i liczne problemy.",2
"Koncert na najwyższym poziomie! Artysta porwał publiczność.",1
"Odradzam zakup. Produkt nie spełnił moich oczekiwań.",2
"Smaczne jedzenie i przyjemna atmosfera w restauracji. Polecam wszystkim.",1
"Kiepski serwis. Długi czas oczekiwania i nieprofesjonalna obsługa.",2
"Świetna książka! Ciekawa fabuła i zaskakujące zakończenie.",1
"Słaby film. Nudna fabuła i nieprzekonująca gra aktorska.",2
"Wspaniałe doświadczenie. Polecam wszystkim, którzy lubią przygody.",1
"Totalne rozczarowanie. Produkt nie działa poprawnie.",2
"Pyszne jedzenie i przyjemna atmosfera w restauracji. Wrócę tam na pewno.",1
"Nie polecam tego hotelu. Brak czystości i nieprofesjonalna obsługa.",2
"Wspaniała muzyka! Koncert był niesamowity.",1
"Kupiłem ten produkt i jestem bardzo zadowolony. Solidna jakość.",1
"Strata czasu i pieniędzy. Produkt nie spełnia oczekiwań.",2
"Podróż życia! Piękne miejsca, niezapomniane widoki.",1
"Nie warto. Słaba jakość i awaryjność.",2
"Fantastyczna książka! Autor wciągnął mnie od pierwszej strony.",1
"Film godny polecenia! Wspaniała fabuła i znakomita gra aktorska.",1
"Produkt spełnił moje oczekiwania. Polecam wszystkim zainteresowanym.",1
"Odradzam zakup. Słaba jakość i brak wsparcia technicznego.",2
"Wakacje marzeń! Piękne miejsca i relaksująca atmosfera.",1
"Nie polecam tego hotelu. Brak czystości i nieprzyjemna obsługa.",2
"Wspaniały koncert! Artysta dał z siebie wszystko, publiczność była zachwycona.",1
"Słaby wybór. Produkt nie spełnił moich oczekiwań.",2
"Restauracja oferuje wyśmienite dania. Polecam spróbować.",1
"Nieudany zakup. Produkt nie działa poprawnie.",2
"Podróż życia! Piękne miejsca i niezapomniane przeżycia.",1
"Nie polecam tego hotelu. Brudne pokoje i nieuprzejma obsługa.",2
"Fascynująca wystawa sztuki. Sztuka na najwyższym poziomie.",1
"Kiepski serwis w restauracji. Długi czas oczekiwania i nieprzyjemna obsługa.",2
"Wspaniała książka! Ciekawa fabuła i intrygujące postacie.",1
"Film bez polotu. Słaba reżyseria i przewidywalna historia.",2
"Wspaniałe doświadczenie. Polecam wszystkim, którzy szukają przygód.",1
"Totalne rozczarowanie. Produkt nie spełnia moich oczekiwań.",2
"Pyszne jedzenie i przyjemna atmosfera w restauracji. Wrócę tam na pewno.",1
"Nie polecam tego hotelu. Brak higieny i brudne pościel.",2
"Wspaniała muzyka! Koncert był niesamowity.",1
"Kupiłem ten produkt i jestem bardzo zadowolony. Solidna jakość.",1
"Strata czasu i pieniędzy. Produkt nie działa zgodnie z oczekiwaniami.",2
"Fantastyczne wakacje! Piękne miejsca i świetna zabawa.",1
"Nie warto. Słaba jakość i liczne problemy.",2
"Fantastyczna książka! Autor wciągnął mnie od pierwszej strony.",1
"Film bez sensu. Trudno zrozumieć fabułę, a zakończenie jeszcze bardziej mylące.",2
"Wspaniała restauracja z pysznym jedzeniem. Obsługa również na wysokim poziomie.",1
"Totalna porażka. Słaba jakość i brak wsparcia technicznego.",2
"Przepyszne dania w restauracji. Gorąco polecam!",1
"Kiepski produkt. Nie działa zgodnie z oczekiwaniami.",2
"Znakomita wystawa! Sztuka na najwyższym poziomie.",1
"Nie polecam tego sklepu. Obsługa niekompetentna, a produkty niskiej jakości.",2
"Fantastyczny koncert! Artysta dał niezapomniane show.",1
"Nie warto kupować. Produkt nie spełnił moich oczekiwań.",2
"Smaczne jedzenie i przyjemna atmosfera w restauracji. Polecam wszystkim.",1
"Kiepski serwis. Długi czas oczekiwania i nieprofesjonalna obsługa.",2
"Świetna książka! Ciekawa fabuła i zaskakujące zakończenie.",1
"Słaby film. Nudna fabuła i nieprzekonująca gra aktorska.",2
"Wspaniałe doświadczenie. Polecam wszystkim, którzy lubią przygody.",1
"Totalne rozczarowanie. Produkt nie działa poprawnie.",2
"Pyszne jedzenie i przyjemna atmosfera w restauracji. Wrócę tam na pewno.",1
"Nie polecam tego hotelu. Brak czystości i nieprofesjonalna obsługa.",2
"Wspaniała muzyka! Koncert był niesamowity.",1
"Kupiłem ten produkt i jestem bardzo zadowolony. Solidna jakość.",1
"Strata czasu i pieniędzy. Produkt nie spełnia oczekiwań.",2
"Podróż życia! Piękne miejsca, niezapomniane widoki.",1
"Nie warto. Słaba jakość i awaryjność.",2
"Fantastyczna książka! Autor wciągnął mnie od pierwszej strony.",1
"Film bez sensu. Trudno zrozumieć fabułę, a zakończenie jeszcze bardziej mylące.",2
"Wspaniała restauracja z pysznym jedzeniem. Obsługa również na wysokim poziomie.",1
"Totalna porażka. Słaba jakość i brak wsparcia technicznego.",2
"Przepyszne dania w restauracji. Gorąco polecam!",1
"Kiepski produkt. Nie działa zgodnie z oczekiwaniami.",2
"Znakomita wystawa! Sztuka na najwyższym poziomie.",1
"Nie polecam tego sklepu. Obsługa niekompetentna, a produkty niskiej jakości.",2
"Fantastyczny koncert! Artysta dał niezapomniane show.",1
"Nie warto kupować. Produkt nie spełnił moich oczekiwań.",2
"Smaczne jedzenie i przyjemna atmosfera w restauracji. Polecam wszystkim.",1
"Kiepski serwis. Długi czas oczekiwania i nieprofesjonalna obsługa.",2
"Świetna książka! Ciekawa fabuła i zaskakujące zakończenie.",1
"Słaby film. Nudna fabuła i nieprzekonująca gra aktorska.",2
"Wspaniałe doświadczenie. Polecam wszystkim, którzy lubią przygody.",1
"Totalne rozczarowanie. Produkt nie działa poprawnie.",2
"Pyszne jedzenie i przyjemna atmosfera w restauracji. Wrócę tam na pewno.",1
"Nie polecam tego hotelu. Brak czystości i nieprofesjonalna obsługa.",2
"Wspaniała muzyka! Koncert był niesamowity.",1
"Kupiłem ten produkt i jestem bardzo zadowolony. Solidna jakość.",1
"Strata czasu i pieniędzy. Produkt nie spełnia oczekiwań.",2
"Podróż życia! Piękne miejsca, niezapomniane widoki.",1
"Nie warto. Słaba jakość i awaryjność.",2
"Fantastyczna książka! Autor wciągnął mnie od pierwszej strony.",1
"Film bez sensu. Trudno zrozumieć fabułę, a zakończenie jeszcze bardziej mylące.",2
"Wspaniała restauracja z pysznym jedzeniem. Obsługa również na wysokim poziomie.",1
"Totalna porażka. Słaba jakość i brak wsparcia technicznego.",2
"Przepyszne dania w restauracji. Gorąco polecam!",1
"Kiepski produkt. Nie działa zgodnie z oczekiwaniami.",2
"Znakomita wystawa! Sztuka na najwyższym poziomie.",1
"Nie polecam tego sklepu. Obsługa niekompetentna, a produkty niskiej jakości.",2
"Fantastyczny koncert! Artysta dał niezapomniane show.",1
"Nie warto kupować. Produkt nie spełnił moich oczekiwań.",2
"Smaczne jedzenie i przyjemna atmosfera w restauracji. Polecam wszystkim.",1
"Kiepski serwis. Długi czas oczekiwania i nieprofesjonalna obsługa.",2
"Świetna książka! Ciekawa fabuła i zaskakujące zakończenie.",1
"Słaby film. Nudna fabuła i nieprzekonująca gra aktorska.",2
"Wspaniałe doświadczenie. Polecam wszystkim, którzy lubią przygody.",1
"Totalne rozczarowanie. Produkt nie działa poprawnie.",2
"Pyszne jedzenie i przyjemna atmosfera w restauracji. Wrócę tam na pewno.",1
"Nie polecam tego hotelu. Brak czystości i nieprofesjonalna obsługa.",2
"Wspaniała muzyka! Koncert był niesamowity.",1
"Kupiłem ten produkt i jestem bardzo zadowolony. Solidna jakość.",1
"Strata czasu i pieniędzy. Produkt nie spełnia oczekiwań.",2
"Podróż życia! Piękne miejsca, niezapomniane widoki.",1
"Nie warto. Słaba jakość i awaryjność.",2
"Fantastyczna książka! Autor wciągnął mnie od pierwszej strony.",1
"Film bez sensu. Trudno zrozumieć fabułę, a zakończenie jeszcze bardziej mylące.",2
"Wspaniała restauracja z pysznym jedzeniem. Obsługa również na wysokim poziomie.",1
"Totalna porażka. Słaba jakość i brak wsparcia technicznego.",2
"Przepyszne dania w restauracji. Gorąco polecam!",1
"Kiepski produkt. Nie działa zgodnie z oczekiwaniami.",2
"Znakomita wystawa! Sztuka na najwyższym poziomie.",1
"Nie polecam tego sklepu. Obsługa niekompetentna, a produkty niskiej jakości.",2
"Fantastyczny koncert! Artysta dał niezapomniane show.",1
"Nie warto kupować. Produkt nie spełnił moich oczekiwań.",2
"Smaczne jedzenie i przyjemna atmosfera w restauracji. Polecam wszystkim.",1
"Kiepski serwis. Długi czas oczekiwania i nieprofesjonalna obsługa.",2
"Świetna książka! Ciekawa fabuła i zaskakujące zakończenie.",1
"Słaby film. Nudna fabuła i nieprzekonująca gra aktorska.",2
"Wspaniałe doświadczenie. Polecam wszystkim, którzy lubią przygody.",1
"Totalne rozczarowanie. Produkt nie działa poprawnie.",2
"Pyszne jedzenie i przyjemna atmosfera w restauracji. Wrócę tam na pewno.",1
"Nie polecam tego hotelu. Brak czystości i nieprofesjonalna obsługa.",2
"Wspaniała muzyka! Koncert był niesamowity.",1
"Kupiłem ten produkt i jestem bardzo zadowolony. Solidna jakość.",1
"Strata czasu i pieniędzy. Produkt nie spełnia oczekiwań.",2
"Podróż życia! Piękne miejsca, niezapomniane widoki.",1
"Nie warto. Słaba jakość i awaryjność.",2
"Fantastyczna książka! Autor wciągnął mnie od pierwszej strony.",1
"Film bez sensu. Trudno zrozumieć fabułę, a zakończenie jeszcze bardziej mylące.",2
"Wspaniała restauracja z pysznym jedzeniem. Obsługa również na wysokim poziomie.",1
"Totalna porażka. Słaba jakość i brak wsparcia technicznego.",2
"Przepyszne dania w restauracji. Gorąco polecam!",1
"Kiepski produkt. Nie działa zgodnie z oczekiwaniami.",2
"Znakomita wystawa! Sztuka na najwyższym poziomie.",1
"Film rewelacyjny! Wciągająca fabuła i znakomita gra aktorska.",1
"Totalne nieporozumienie. Słaba jakość i brak wsparcia technicznego.",2
"Restauracja z wyśmienitym jedzeniem. Obsługa również na najwyższym poziomie.",1
"Nie polecam tego sklepu. Produkty niskiej jakości i niekompetentna obsługa.",2
"Koncert, który zapadnie mi w pamięć na zawsze. Świetny występ artysty.",1
"Kiepski produkt. Mnóstwo problemów technicznych i słaba jakość wykonania.",2
"Wspaniała książka! Czytałem ją już trzeci raz.",1
"Słaby film. Fabuła bez sensu i tragiczna gra aktorska.",2
"Wakacje marzeń! Piękne miejsca i relaksująca atmosfera.",1
"Odradzam hotel. Brak higieny i nieuprzejma obsługa.",2
"Fantastyczny gadżet! Solidne wykonanie i przydatne funkcje.",1
"Nie warto inwestować w ten produkt. Słaba wydajność i liczne problemy.",2
"Wspaniała wystawa sztuki. Polecam wszystkim miłośnikom sztuki.",1
"Kiepski serwis w restauracji. Długi czas oczekiwania i nieprofesjonalna obsługa.",2
"Niezapomniane doświadczenie. Polecam wszystkim, którzy lubią przygody.",1
"Film bez polotu. Słaba fabuła i irytujące zakończenie.",2
"Pyszne jedzenie i świetna atmosfera w restauracji. Wrócę tam na pewno.",1
"Nie polecam tego hotelu. Warunki noclegowe pozostawiają wiele do życzenia.",2
"Koncert na najwyższym poziomie! Artysta porwał publiczność.",1
"Sprawdzony produkt! Solidna jakość wykonania i funkcjonalność.",1
"Rozczarowanie. Produkt nie spełnia obietnic producenta.",2
"Wspaniałe wakacje! Piękne miejsca i świetna pogoda.",1
"Nie warto. Słaba jakość i problemy z użytkowaniem.",2
"Niesamowita książka! Ciekawa fabuła i zaskakujące zwroty akcji.",1
"Film bez sensu. Trudno zrozumieć fabułę, a zakończenie jeszcze bardziej mylące.",2
"Fantastyczne doświadczenie. Polecam wszystkim, którzy szukają przygód.",1
"Totalne rozczarowanie. Produkt nie spełnia oczekiwań.",2
"Smaczne jedzenie i przyjemna atmosfera w restauracji. Polecam wszystkim.",1
"Nie polecam tego hotelu. Brak czystości i nieprofesjonalna obsługa.",2
"Wspaniała muzyka! Koncert był niesamowity.",1
"Kupiłem ten produkt i jestem bardzo zadowolony. Solidna jakość.",1
"Strata czasu i pieniędzy. Produkt nie działa poprawnie.",2
"Podróż życia! Piękne miejsca, niezapomniane widoki.",1
"Nie warto. Słaba jakość i awaryjność.",2
"Fantastyczna książka! Autor wciągnął mnie od pierwszej strony.",1
"Film bez sensu. Nudna fabuła i nieprzekonująca gra aktorska.",2
"Wspaniałe doświadczenie. Polecam wszystkim, którzy lubią przygody.",1
"Totalne rozczarowanie. Produkt nie działa poprawnie.",2
"Pyszne jedzenie i przyjemna atmosfera w restauracji. Wrócę tam na pewno.",1
"Nie polecam tego hotelu. Brak czystości i nieprofesjonalna obsługa.",2
"Wspaniała muzyka! Koncert był niesamowity.",1
"Kupiłem ten produkt i jestem bardzo zadowolony. Solidna jakość.",1
"Strata czasu i pieniędzy. Produkt nie spełnia oczekiwań.",2
"Podróż życia! Piękne miejsca, niezapomniane widoki.",1
"Nie warto. Słaba jakość i awaryjność.",2
"Fantastyczna książka! Autor wciągnął mnie od pierwszej strony.",1
"Film bez sensu. Trudno zrozumieć fabułę, a zakończenie jeszcze bardziej mylące.",2
"Wspaniała restauracja z pysznym jedzeniem. Obsługa również na wysokim poziomie.",1
"Odradzam zakup tego produktu. Niska jakość i częste awarie.",2
"Te buty są bardzo wygodne i świetnie się prezentują.",1
"Kiepski wybór. Słaba wydajność i problemy z działaniem.",2
"Fascynująca wystawa sztuki. Polecam wszystkim miłośnikom sztuki nowoczesnej.",1
"Kiepski serwis w restauracji. Długi czas oczekiwania i nieprzyjemna obsługa.",2
"To były fantastyczne wakacje! Piękne miejsca, wspaniałe jedzenie i świetna atmosfera.",1
"Nie polecam tego hotelu. Brak czystości, niekompetentna obsługa.",2
"Wspaniały koncert! Artysta dał z siebie wszystko, publiczność była zachwycona.",1
"Odradzam zakup tego produktu. Niska jakość i częste awarie.",2
"Restauracja oferuje pyszne dania w przystępnych cenach. Polecam!",1
"Obsługa klienta pozostawia wiele do życzenia. Nieprofesjonalne podejście do problemów.",2
"Bardzo podobała mi się ta książka. Ciekawa fabuła i zaskakujące zakończenie.",1
"Niestety, film okazał się być dużym rozczarowaniem. Słaba gra aktorska i przewidywalna historia.",2
"Wspaniały koncert! Artysta dał z siebie wszystko, publiczność była zachwycona.",1
"Odradzam zakup tego produktu. Niska jakość i częste awarie.",2
"Restauracja oferuje pyszne dania w przystępnych cenach. Polecam!",1
"Obsługa klienta pozostawia wiele do życzenia. Nieprofesjonalne podejście do problemów.",2
"To były fantastyczne wakacje! Piękne miejsca, wspaniałe jedzenie i świetna atmosfera.",1
"Nie polecam tego hotelu. Brak czystości, niekompetentna obsługa.",2
"Ta powieść to prawdziwy majstersztyk! Intrygująca fabuła i zaskakujące zwroty akcji. Zdecydowanie polecam!",1
"Film, który niestety mnie rozczarował. Słabe aktorstwo i przewidywalna fabuła sprawiły, że oglądanie było trudne.",2
"Koncert, który zapadnie mi w pamięć na zawsze! Artysta dał z siebie wszystko, a publiczność była w ekstazie.",1
"Ostrzegam przed zakupem tego produktu. Jakość pozostawia wiele do życzenia, a awarie są nagminne.",2
"Restauracja, w której jedzenie jest nie tylko pyszne, ale także przystępne cenowo. Gorąco polecam!",1
"Obsługa klienta w tej firmie to totalna porażka. Nie radzę mieć do nich żadnych problemów, bo nie będą rozwiązane.",2
"Wakacje marzeń! Piękne miejsca, wyśmienite jedzenie i niesamowita atmosfera. Wrócę tam na pewno!",1
"Nie warto rezerwować pobytu w tym hotelu. Brak czystości i obsługa kompletnie niekompetentna.",2
"Książka, którą przeczytałam z zapartym tchem! Autorka stworzyła fascynujący świat i zaskakujące zakończenie.",1
"Film pełen niedociągnięć. Aktorzy nie przekonują, a historia jest tak przewidywalna, że trudno się w nią zaangażować.",2
"Koncert, który przeszedł moje najśmielsze oczekiwania! Artysta wspaniale wypadł na scenie, a publiczność była pełna energii.",1
"Produkt, którym naprawdę nie warto się zainteresować. Jakość pozostawia wiele do życzenia, a awarie są na porządku dziennym.",2
"Ta książka wciągnęła mnie od pierwszej strony. Ciekawy rozwój wątków i niesamowite zakończenie.",1
"Film, który niestety nie spełnił moich oczekiwań. Aktorstwo pozostawia wiele do życzenia, a fabuła jest przewidywalna.",2
"Koncert, który z pewnością pozostanie w mojej pamięci! Artysta wykazał się nie tylko talentem, ale i ogromnym zaangażowaniem.",1
"Produkt do uniknięcia. Jakość jest niska, a awarie zdarzają się zbyt często.",2
"Restauracja, w której jedzenie smakuje wyjątkowo. Doskonałe dania w przystępnych cenach.",1
"Obsługa klienta pozostawia wiele do życzenia. Brak profesjonalizmu w rozwiązywaniu problemów.",2
"Wakacje, które zapamiętam na zawsze! Piękne miejsca, wyśmienite jedzenie i przyjazna atmosfera.",1
"Hotel, który nie zasługuje na polecenie. Czystość pozostawia wiele do życzenia, a obsługa jest niekompetentna.",2
"Fascynująca powieść z wartką akcją. Autor zaskakuje czytelnika na każdym kroku.",1
"Film, który rozczarował. Przewidywalna fabuła i aktorstwo pozostawiają wiele do życzenia.",2
"Koncert, który przeszedł moje najśmielsze oczekiwania! Publiczność była wniebowzięta.",1
"Produkt, którym lepiej nie marnować pieniędzy. Jakość jest daleka od akceptowalnej, a awarie są uciążliwe.",2
"Restauracja, która zaskakuje pysznymi daniami i atrakcyjnymi cenami. Gorąco polecam!" ,1
"Obsługa klienta to jedno wielkie rozczarowanie. Niekompetencja i brak zrozumienia dla problemów klientów.",2
"Wakacje marzeń! Piękne miejsca, pyszne jedzenie i doskonała organizacja.",1
"Hotel, który nie spełnia oczekiwań. Brak czystości i obsługa pozostawiają wiele do życzenia.",2
"Zachwycająca książka z wartką fabułą. Zaskakujące zwroty akcji trzymają w napięciu do ostatniej strony.",1
"Film, który niestety mnie zawiódł. Słabe aktorstwo i przewidywalna historia sprawiły, że straciłem zainteresowanie.",2
"Koncert, który zapadnie mi w pamięć na długo! Artysta dał z siebie wszystko, a energia w sali była nieziemska.",1
"Produkt, który nie spełnił moich oczekiwań. Jakość pozostawia wiele do życzenia, a awarie są irytujące.",2
"Restauracja, w której jedzenie jest prawdziwą ucztą. Smak, jakość i cena - wszystko na najwyższym poziomie.",1
"Obsługa klienta, której brakuje profesjonalizmu. Rozwiązanie problemów pozostawia wiele do życzenia.",2
"Wakacje, które z pewnością powtórzę! Piękne miejsca, pyszne jedzenie i świetna atmosfera.",1
"Hotel, który niestety mnie rozczarował. Brak standardów czystości i obsługa niekompetentna.",2
"Fascynująca powieść, której nie mogłem odłożyć. Autor stworzył wspaniały świat i zaskakujący finał.",1
"Film, który nie spełnił moich oczekiwań. Przewidywalna fabuła i niewiarygodna gra aktorska.",2
"Koncert, który przeszedł moje oczekiwania! Artysta dał niesamowite show, a publiczność była w ekstazie.",1
"Produkt, którym lepiej się nie interesować. Jakość pozostawia wiele do życzenia, a awarie są uciążliwe.",2
"Restauracja, gdzie jedzenie jest prawdziwą rozkoszą. Polecam każdemu miłośnikowi dobrej kuchni!",1
"Obsługa klienta to totalna porażka. Brak profesjonalizmu i zrozumienia dla problemów klientów.",2
"Wakacje, które będą mi się śniły! Piękne miejsca, pyszne jedzenie i cudowna atmosfera.",1
"Hotel, który nie spełnił oczekiwań. Brak czystości i obsługa pozostawiają wiele do życzenia.",2
"Intrygująca powieść, której nie można odłożyć. Zaskakujące momenty i wspaniała narracja.",1
"Film, który niestety mnie rozczarował. Słaba fabuła i niewiarygodna gra aktorska.",2
"Koncert, który przeszedł moje najśmielsze oczekiwania! Artysta był w rewelacyjnej formie, a publiczność szalała.",1
"Produkt, którym lepiej nie marnować czasu. Jakość pozostawia wiele do życzenia, a awarie są nagminne.",2
"Restauracja, w której jedzenie smakuje jak u babci. Tradycyjne smaki w nowoczesnym wydaniu.",1
"Obsługa klienta, która pozostawia wiele do życzenia. Brak zrozumienia dla problemów klientów i brak profesjonalizmu.",2
"Wakacje, które z pewnością powtórzę! Piękne miejsca, pyszne jedzenie i niezapomniana atmosfera.",1

